1790807003747, 252.0, 5.150147080421448, -29.622989654541016, 433868160, UCA, 436, NOCALL, 0, 0, 0, 0, GPS, R, R, R, R, 1.32, 1.30, 1.27, 1.24, 1.20, 1.17, 1.13, 1.09, 1.05, 1.01, 0.96, 0.92, 0.87, 0.83, 0.78, 0.74, 0.70, 0.65, 0.61, 0.57, 0.53, 0.49, 0.45, 0.42, 0.38, 0.35, 0.32, 0.29, 0.26, 0.23, 0.20, 0.18, 0.16, 0.14, 0.12, 0.10, 0.09, 0.07, 0.06, 0.06, 0.05, 0.04, 0.04, 0.04, 0.04, 0.05, 0.05, 0.06, 0.08, 0.09, 0.11, 0.13, 0.15, 0.18, 0.21, 0.24, 0.27, 0.31, 0.35, 0.40, 0.45, 0.50, 0.56, 0.62, 0.69, 0.75, 0.83, 0.91, 0.99, 1.07, 1.16, 1.26, 1.36, 1.47, 1.58, 1.70, 1.82, 1.94, 2.08, 2.21, 2.36, 2.51, 2.66, 2.82, 2.99, 3.16, 3.34, 3.52, 3.71, 3.90, 4.10, 4.30, 4.50, 4.71, 4.92, 5.12, 5.33, 5.53, 5.73, 5.92, 6.10, 6.27, 6.43, 6.57, 6.69, 6.78, 6.85, 6.89, 6.91, 6.89, 6.85, 6.78, 6.68, 6.55, 6.40, 6.24, 6.05, 5.85, 5.64, 5.41, 5.18, 4.95, 4.72, 4.48, 4.24, 4.01, 3.78, 3.56, 3.34, 3.12, 2.91, 2.71, 2.52, 2.33, 2.15, 1.98, 1.81, 1.66, 1.51, 1.37, 1.23, 1.11, 0.99, 0.87, 0.77, 0.67, 0.58, 0.50, 0.43, 0.36, 0.29, 0.24, 0.19, 0.15, 0.11, 0.08, 0.05, 0.03, 0.02, 0.01, 0.01, 0.01, 0.01, 0.02, 0.04, 0.06, 0.08, 0.11, 0.13, 0.17, 0.20, 0.24, 0.28, 0.32, 0.37, 0.41, 0.46, 0.51, 0.56, 0.60, 0.65, 0.70, 0.75, 0.79, 0.84, 0.88, 0.93, 0.97, 1.01, 1.04, 1.08, 1.11, 1.14, 1.17, 1.19, 1.22, 1.24, 1.25, 1.27, 1.28, 1.29, 1.30, 1.30, 1.31, 1.31, 1.31, 1.31, 1.30, 1.30, 1.29, 1.28, 1.27, 1.26, 1.25, 1.24, 1.23, 1.21, 1.20, 1.18, 1.17, 1.15, 1.14, 1.12, 1.10, 1.08, 1.06, 1.05, 1.03, 1.01, 0.99, 0.97, 0.95, 0.94, 0.92, 0.90, 0.88, 0.86, 0.85, 0.83, 0.82, 0.80, 0.79, 0.78, 0.76, 0.75, 0.75, 0.74, 0.73, 0.73, 0.72, 0.72, 0.72, 0.72, 0.73, 0.73, 0.74, 0.75, 0.76, 0.77, 0.78, 0.79, 0.81, 0.83, 0.84, 0.86, 0.88, 0.90, 0.92, 0.93, 0.95, 0.97, 0.99, 1.00, 1.02, 1.03, 1.04, 1.05, 1.06, 1.06, 1.07, 1.07, 1.06, 1.05, 1.04, 1.03, 1.01, 0.99, 0.97, 0.94, 0.91, 0.88, 0.85, 0.81, 0.77, 0.73, 0.69, 0.64, 0.60, 0.55, 0.51, 0.46, 0.42, 0.38, 0.33, 0.29, 0.25, 0.21, 0.18, 0.15, 0.12, 0.09, 0.07, 0.05, 0.03, 0.02, 0.01, 0.00, 0.00, 0.00, 0.01, 0.02, 0.03, 0.05, 0.08, 0.10, 0.13, 0.17, 0.21, 0.25, 0.29, 0.34, 0.39, 0.44, 0.49, 0.55, 0.60, 0.66, 0.72, 0.78, 0.83, 0.89, 0.95, 1.00, 1.05, 1.10, 1.15, 1.19, 1.23, 1.26, 1.29, 1.32, 1.34, 1.36, 1.37, 1.38, 1.38, 1.38, 1.37, 1.36, 1.34 
1790807005057, 251.0, 4.948689341545105, -19.425853729248047, 433868160, UCA, 436, NOCALL, 0, 0, 0, 0, GPS, R, R, R, R, 1.64, 1.64, 1.64, 1.63, 1.62, 1.60, 1.58, 1.56, 1.54, 1.51, 1.48, 1.45, 1.41, 1.37, 1.33, 1.29, 1.25, 1.21, 1.16, 1.12, 1.07, 1.03, 0.98, 0.93, 0.89, 0.84, 0.80, 0.75, 0.71, 0.66, 0.62, 0.58, 0.54, 0.50, 0.47, 0.43, 0.40, 0.37, 0.34, 0.32, 0.29, 0.27, 0.25, 0.24, 0.23, 0.22, 0.21, 0.20, 0.20, 0.21, 0.21, 0.22, 0.23, 0.25, 0.27, 0.29, 0.32, 0.35, 0.38, 0.42, 0.46, 0.51, 0.56, 0.61, 0.67, 0.73, 0.80, 0.87, 0.95, 1.03, 1.11, 1.20, 1.30, 1.40, 1.50, 1.61, 1.73, 1.84, 1.97, 2.10, 2.23, 2.37, 2.52, 2.67, 2.82, 2.98, 3.15, 3.32, 3.49, 3.67, 3.86, 4.04, 4.23, 4.42, 4.61, 4.81, 5.00, 5.19, 5.38, 5.56, 5.74, 5.90, 6.06, 6.20, 6.33, 6.45, 6.54, 6.61, 6.66, 6.68, 6.68, 6.65, 6.61, 6.53, 6.44, 6.32, 6.18, 6.03, 5.87, 5.69, 5.50, 5.30, 5.10, 4.90, 4.69, 4.48, 4.28, 4.07, 3.87, 3.67, 3.48, 3.29, 3.10, 2.93, 2.75, 2.59, 2.43, 2.27, 2.13, 1.99, 1.85, 1.73, 1.61, 1.49, 1.39, 1.29, 1.19, 1.10, 1.02, 0.94, 0.87, 0.81, 0.75, 0.70, 0.65, 0.60, 0.56, 0.53, 0.50, 0.47, 0.45, 0.43, 0.42, 0.40, 0.40, 0.39, 0.39, 0.39, 0.39, 0.39, 0.39, 0.40, 0.41, 0.41, 0.42, 0.43, 0.44, 0.45, 0.46, 0.47, 0.48, 0.49, 0.50, 0.50, 0.51, 0.51, 0.52, 0.52, 0.53, 0.53, 0.53, 0.53, 0.53, 0.53, 0.53, 0.53, 0.53, 0.53, 0.53, 0.53, 0.53, 0.52, 0.52, 0.52, 0.52, 0.52, 0.52, 0.52, 0.53, 0.53, 0.53, 0.54, 0.54, 0.54, 0.55, 0.55, 0.56, 0.56, 0.57, 0.58, 0.58, 0.59, 0.59, 0.60, 0.60, 0.61, 0.61, 0.61, 0.62, 0.62, 0.62, 0.62, 0.62, 0.62, 0.62, 0.61, 0.61, 0.61, 0.60, 0.60, 0.60, 0.59, 0.59, 0.58, 0.58, 0.58, 0.57, 0.57, 0.57, 0.57, 0.57, 0.57, 0.57, 0.57, 0.57, 0.58, 0.58, 0.59, 0.60, 0.61, 0.62, 0.63, 0.64, 0.65, 0.66, 0.68, 0.69, 0.70, 0.72, 0.73, 0.75, 0.76, 0.77, 0.78, 0.79, 0.80, 0.81, 0.81, 0.82, 0.82, 0.82, 0.82, 0.81, 0.80, 0.79, 0.78, 0.77, 0.75, 0.73, 0.71, 0.68, 0.66, 0.63, 0.60, 0.57, 0.54, 0.50, 0.47, 0.43, 0.40, 0.36, 0.33, 0.29, 0.26, 0.23, 0.20, 0.17, 0.14, 0.11, 0.09, 0.07, 0.05, 0.03, 0.02, 0.01, 0.00, 0.00, 0.00, 0.00, 0.01, 0.02, 0.03, 0.05, 0.07, 0.09, 0.12, 0.15, 0.19, 0.22, 0.26, 0.31, 0.35, 0.40, 0.45, 0.51, 0.56, 0.62, 0.67, 0.73, 0.79, 0.85, 0.91, 0.97, 1.03, 1.09, 1.14, 1.20, 1.25, 1.30, 1.35, 1.39, 1.44, 1.47, 1.51, 1.54, 1.57, 1.59, 1.61, 1.62, 1.63 
1790807006368, 247.0, 5.682219862937927, -29.578468322753906, 433868160, UCA, 436, NOCALL, 0, 0, 0, 0, GPS, R, R, R, R, 1.23, 1.23, 1.23, 1.22, 1.21, 1.21, 1.19, 1.18, 1.17, 1.15, 1.13, 1.11, 1.09, 1.06, 1.04, 1.01, 0.99, 0.96, 0.93, 0.90, 0.87, 0.84, 0.80, 0.77, 0.74, 0.71, 0.67, 0.64, 0.61, 0.58, 0.55, 0.51, 0.48, 0.45, 0.43, 0.40, 0.37, 0.35, 0.32, 0.30, 0.28, 0.26, 0.24, 0.23, 0.21, 0.20, 0.19, 0.19, 0.18, 0.18, 0.19, 0.19, 0.20, 0.21, 0.22, 0.24, 0.26, 0.28, 0.31, 0.34, 0.38, 0.42, 0.46, 0.50, 0.55, 0.61, 0.67, 0.73, 0.80, 0.87, 0.94, 1.02, 1.11, 1.20, 1.30, 1.40, 1.50, 1.61, 1.73, 1.85, 1.98, 2.11, 2.25, 2.40, 2.55, 2.71, 2.87, 3.04, 3.22, 3.40, 3.59, 3.79, 3.99, 4.20, 4.41, 4.63, 4.85, 5.07, 5.30, 5.53, 5.76, 5.99, 6.21, 6.43, 6.63, 6.83, 7.01, 7.18, 7.32, 7.44, 7.54, 7.60, 7.63, 7.63, 7.60, 7.53, 7.44, 7.32, 7.17, 7.00, 6.81, 6.60, 6.38, 6.15, 5.92, 5.68, 5.43, 5.19, 4.95, 4.71, 4.48, 4.24, 4.02, 3.80, 3.59, 3.38, 3.18, 2.99, 2.81, 2.63, 2.46, 2.30, 2.15, 2.00, 1.86, 1.73, 1.60, 1.49, 1.37, 1.27, 1.17, 1.08, 0.99, 0.91, 0.83, 0.76, 0.70, 0.64, 0.58, 0.53, 0.49, 0.45, 0.41, 0.37, 0.35, 0.32, 0.30, 0.28, 0.26, 0.24, 0.23, 0.22, 0.21, 0.21, 0.20, 0.20, 0.20, 0.20, 0.20, 0.20, 0.21, 0.21, 0.22, 0.22, 0.23, 0.23, 0.24, 0.25, 0.26, 0.26, 0.27, 0.28, 0.29, 0.30, 0.31, 0.32, 0.33, 0.34, 0.35, 0.36, 0.37, 0.39, 0.40, 0.41, 0.43, 0.44, 0.46, 0.47, 0.49, 0.50, 0.52, 0.54, 0.56, 0.57, 0.59, 0.61, 0.63, 0.65, 0.66, 0.68, 0.70, 0.71, 0.73, 0.74, 0.76, 0.77, 0.78, 0.80, 0.81, 0.82, 0.82, 0.83, 0.84, 0.84, 0.85, 0.85, 0.85, 0.86, 0.86, 0.86, 0.86, 0.86, 0.86, 0.86, 0.86, 0.86, 0.87, 0.87, 0.87, 0.87, 0.88, 0.88, 0.89, 0.89, 0.90, 0.91, 0.92, 0.93, 0.94, 0.95, 0.96, 0.98, 0.99, 1.00, 1.02, 1.03, 1.04, 1.06, 1.07, 1.08, 1.09, 1.10, 1.11, 1.11, 1.12, 1.12, 1.12, 1.12, 1.11, 1.10, 1.09, 1.08, 1.06, 1.05, 1.02, 1.00, 0.97, 0.94, 0.91, 0.88, 0.84, 0.81, 0.77, 0.73, 0.68, 0.64, 0.60, 0.56, 0.51, 0.47, 0.43, 0.39, 0.35, 0.31, 0.27, 0.23, 0.20, 0.17, 0.14, 0.11, 0.09, 0.06, 0.05, 0.03, 0.02, 0.01, 0.00, 0.00, 0.00, 0.00, 0.01, 0.02, 0.03, 0.05, 0.07, 0.09, 0.12, 0.15, 0.18, 0.21, 0.25, 0.28, 0.32, 0.36, 0.40, 0.45, 0.49, 0.54, 0.58, 0.63, 0.67, 0.72, 0.76, 0.81, 0.85, 0.89, 0.93, 0.96, 1.00, 1.03, 1.06, 1.09, 1.12, 1.14, 1.16, 1.18, 1.19, 1.21, 1.22, 1.22 
1790807008116, 249.0, 5.714807510375977, -27.350318908691406, 433868160, UCA, 436, NOCALL, 0, 0, 0, 0, GPS, R, R, R, R, 1.13, 1.10, 1.07, 1.03, 0.99, 0.95, 0.91, 0.87, 0.83, 0.78, 0.74, 0.70, 0.66, 0.62, 0.58, 0.54, 0.51, 0.47, 0.44, 0.40, 0.37, 0.34, 0.31, 0.28, 0.26, 0.23, 0.21, 0.18, 0.16, 0.14, 0.12, 0.11, 0.09, 0.07, 0.06, 0.05, 0.04, 0.03, 0.02, 0.01, 0.01, 0.00, 0.00, 0.00, 0.00, 0.00, 0.01, 0.01, 0.02, 0.03, 0.04, 0.06, 0.07, 0.09, 0.11, 0.14, 0.17, 0.19, 0.23, 0.26, 0.30, 0.34, 0.39, 0.44, 0.49, 0.55, 0.61, 0.67, 0.74, 0.82, 0.90, 0.98, 1.07, 1.16, 1.26, 1.36, 1.47, 1.58, 1.70, 1.83, 1.96, 2.10, 2.24, 2.39, 2.55, 2.72, 2.89, 3.06, 3.25, 3.44, 3.64, 3.85, 4.06, 4.28, 4.50, 4.73, 4.97, 5.21, 5.45, 5.69, 5.93, 6.17, 6.40, 6.62, 6.83, 7.03, 7.21, 7.36, 7.49, 7.59, 7.65, 7.68, 7.67, 7.62, 7.54, 7.43, 7.28, 7.10, 6.90, 6.68, 6.44, 6.19, 5.94, 5.67, 5.40, 5.13, 4.87, 4.60, 4.34, 4.09, 3.84, 3.60, 3.36, 3.14, 2.92, 2.71, 2.51, 2.31, 2.13, 1.95, 1.79, 1.63, 1.48, 1.33, 1.20, 1.07, 0.96, 0.85, 0.74, 0.65, 0.56, 0.48, 0.40, 0.34, 0.28, 0.22, 0.18, 0.14, 0.10, 0.07, 0.05, 0.03, 0.02, 0.01, 0.01, 0.01, 0.02, 0.03, 0.05, 0.07, 0.09, 0.12, 0.15, 0.18, 0.22, 0.26, 0.30, 0.34, 0.39, 0.44, 0.48, 0.53, 0.59, 0.64, 0.69, 0.74, 0.79, 0.84, 0.89, 0.94, 0.99, 1.04, 1.09, 1.13, 1.17, 1.22, 1.25, 1.29, 1.33, 1.36, 1.39, 1.42, 1.44, 1.46, 1.48, 1.50, 1.52, 1.53, 1.54, 1.55, 1.56, 1.56, 1.56, 1.56, 1.56, 1.55, 1.55, 1.54, 1.53, 1.52, 1.51, 1.49, 1.48, 1.46, 1.44, 1.42, 1.40, 1.38, 1.36, 1.34, 1.32, 1.29, 1.27, 1.25, 1.23, 1.21, 1.19, 1.16, 1.15, 1.13, 1.11, 1.09, 1.08, 1.06, 1.05, 1.04, 1.03, 1.02, 1.01, 1.01, 1.01, 1.00, 1.00, 1.01, 1.01, 1.02, 1.02, 1.03, 1.04, 1.05, 1.07, 1.08, 1.09, 1.11, 1.12, 1.14, 1.15, 1.17, 1.18, 1.19, 1.21, 1.22, 1.23, 1.23, 1.24, 1.24, 1.24, 1.24, 1.23, 1.22, 1.21, 1.20, 1.18, 1.16, 1.13, 1.10, 1.07, 1.04, 1.00, 0.97, 0.92, 0.88, 0.84, 0.79, 0.75, 0.70, 0.65, 0.60, 0.56, 0.51, 0.47, 0.42, 0.38, 0.34, 0.30, 0.26, 0.23, 0.20, 0.17, 0.15, 0.13, 0.11, 0.10, 0.09, 0.08, 0.08, 0.08, 0.08, 0.09, 0.11, 0.13, 0.15, 0.17, 0.20, 0.23, 0.27, 0.31, 0.35, 0.39, 0.44, 0.49, 0.54, 0.59, 0.64, 0.69, 0.75, 0.80, 0.85, 0.90, 0.95, 1.00, 1.04, 1.08, 1.12, 1.16, 1.19, 1.21, 1.24, 1.26, 1.27, 1.28, 1.28, 1.28, 1.28, 1.27, 1.26, 1.24, 1.22, 1.19, 1.16 
1790807009426, 249.0, 6.066901087760925, -18.851551055908203, 433868160, UCA, 436, NOCALL, 0, 0, 0, 0, GPS, R, R, R, R, 0.82, 0.78, 0.75, 0.72, 0.68, 0.64, 0.61, 0.57, 0.54, 0.50, 0.47, 0.44, 0.40, 0.37, 0.34, 0.31, 0.29, 0.26, 0.24, 0.21, 0.19, 0.17, 0.15, 0.13, 0.12, 0.10, 0.09, 0.08, 0.06, 0.05, 0.04, 0.03, 0.03, 0.02, 0.01, 0.01, 0.01, 0.00, 0.00, 0.00, 0.00, 0.00, 0.01, 0.01, 0.01, 0.02, 0.03, 0.04, 0.05, 0.06, 0.08, 0.10, 0.12, 0.14, 0.16, 0.19, 0.22, 0.25, 0.28, 0.32, 0.36, 0.41, 0.45, 0.51, 0.56, 0.62, 0.68, 0.75, 0.82, 0.90, 0.98, 1.07, 1.16, 1.26, 1.36, 1.47, 1.58, 1.70, 1.83, 1.96, 2.10, 2.24, 2.40, 2.55, 2.72, 2.89, 3.07, 3.26, 3.46, 3.66, 3.87, 4.09, 4.32, 4.55, 4.79, 5.03, 5.28, 5.54, 5.80, 6.06, 6.32, 6.57, 6.82, 7.06, 7.29, 7.51, 7.70, 7.87, 8.00, 8.10, 8.17, 8.19, 8.18, 8.12, 8.02, 7.89, 7.72, 7.52, 7.30, 7.06, 6.80, 6.53, 6.25, 5.96, 5.68, 5.39, 5.11, 4.83, 4.56, 4.29, 4.03, 3.78, 3.53, 3.30, 3.07, 2.85, 2.64, 2.44, 2.25, 2.07, 1.89, 1.73, 1.57, 1.42, 1.28, 1.15, 1.03, 0.91, 0.80, 0.70, 0.61, 0.52, 0.45, 0.37, 0.31, 0.25, 0.20, 0.15, 0.11, 0.08, 0.05, 0.03, 0.02, 0.01, 0.00, 0.00, 0.00, 0.01, 0.03, 0.05, 0.07, 0.10, 0.13, 0.16, 0.20, 0.24, 0.28, 0.33, 0.38, 0.43, 0.48, 0.54, 0.60, 0.65, 0.71, 0.77, 0.83, 0.89, 0.95, 1.02, 1.08, 1.13, 1.19, 1.25, 1.31, 1.36, 1.41, 1.46, 1.51, 1.56, 1.60, 1.64, 1.68, 1.71, 1.75, 1.77, 1.80, 1.82, 1.84, 1.86, 1.87, 1.89, 1.89, 1.90, 1.90, 1.90, 1.89, 1.89, 1.88, 1.87, 1.85, 1.84, 1.82, 1.80, 1.78, 1.75, 1.73, 1.70, 1.67, 1.64, 1.61, 1.58, 1.55, 1.52, 1.49, 1.46, 1.43, 1.40, 1.38, 1.35, 1.32, 1.30, 1.27, 1.25, 1.23, 1.21, 1.19, 1.17, 1.16, 1.15, 1.14, 1.13, 1.12, 1.12, 1.12, 1.12, 1.12, 1.12, 1.13, 1.13, 1.14, 1.15, 1.16, 1.17, 1.19, 1.20, 1.21, 1.22, 1.24, 1.25, 1.26, 1.27, 1.28, 1.28, 1.29, 1.29, 1.29, 1.29, 1.29, 1.28, 1.27, 1.26, 1.24, 1.22, 1.20, 1.17, 1.14, 1.11, 1.08, 1.04, 1.00, 0.96, 0.92, 0.87, 0.83, 0.78, 0.73, 0.69, 0.64, 0.59, 0.55, 0.50, 0.46, 0.42, 0.38, 0.34, 0.31, 0.28, 0.25, 0.22, 0.20, 0.18, 0.17, 0.16, 0.15, 0.14, 0.14, 0.14, 0.15, 0.16, 0.17, 0.19, 0.21, 0.24, 0.26, 0.29, 0.32, 0.36, 0.39, 0.43, 0.47, 0.51, 0.55, 0.59, 0.64, 0.68, 0.72, 0.76, 0.80, 0.83, 0.86, 0.90, 0.92, 0.95, 0.97, 0.99, 1.00, 1.01, 1.02, 1.02, 1.02, 1.01, 1.00, 0.99, 0.97, 0.95, 0.93, 0.91, 0.88, 0.85 
1790807053989, 255.0, 2.5260040163993835, -27.627742767333984, 433868160, UCA, 436, NOCALL, 0, 0, 0, 0, GPS, R, R, R, R, 0.94, 0.93, 0.91, 0.89, 0.87, 0.84, 0.82, 0.79, 0.76, 0.74, 0.71, 0.68, 0.65, 0.62, 0.59, 0.56, 0.53, 0.50, 0.47, 0.44, 0.41, 0.39, 0.36, 0.34, 0.31, 0.29, 0.27, 0.25, 0.23, 0.22, 0.20, 0.19, 0.17, 0.16, 0.15, 0.15, 0.14, 0.13, 0.13, 0.13, 0.13, 0.13, 0.14, 0.15, 0.15, 0.16, 0.18, 0.19, 0.21, 0.22, 0.24, 0.27, 0.29, 0.32, 0.35, 0.38, 0.41, 0.45, 0.49, 0.53, 0.57, 0.62, 0.66, 0.71, 0.77, 0.82, 0.88, 0.94, 1.01, 1.07, 1.14, 1.21, 1.29, 1.36, 1.44, 1.52, 1.61, 1.69, 1.78, 1.87, 1.96, 2.06, 2.15, 2.25, 2.34, 2.44, 2.54, 2.64, 2.74, 2.83, 2.93, 3.02, 3.12, 3.21, 3.29, 3.37, 3.45, 3.52, 3.59, 3.64, 3.70, 3.74, 3.77, 3.80, 3.82, 3.83, 3.82, 3.81, 3.79, 3.76, 3.72, 3.66, 3.61, 3.54, 3.46, 3.38, 3.29, 3.19, 3.09, 2.99, 2.88, 2.76, 2.65, 2.53, 2.42, 2.30, 2.18, 2.06, 1.94, 1.83, 1.71, 1.60, 1.49, 1.38, 1.28, 1.18, 1.08, 0.99, 0.90, 0.81, 0.73, 0.65, 0.58, 0.51, 0.44, 0.38, 0.33, 0.28, 0.23, 0.19, 0.15, 0.11, 0.08, 0.06, 0.04, 0.02, 0.01, 0.00, 0.00, 0.00, 0.01, 0.01, 0.03, 0.04, 0.06, 0.09, 0.11, 0.14, 0.18, 0.21, 0.25, 0.30, 0.34, 0.39, 0.44, 0.49, 0.54, 0.60, 0.66, 0.71, 0.77, 0.83, 0.89, 0.96, 1.02, 1.08, 1.14, 1.20, 1.26, 1.32, 1.38, 1.44, 1.50, 1.55, 1.60, 1.66, 1.70, 1.75, 1.79, 1.83, 1.87, 1.91, 1.94, 1.97, 1.99, 2.02, 2.04, 2.05, 2.07, 2.08, 2.09, 2.09, 2.09, 2.09, 2.09, 2.09, 2.08, 2.07, 2.06, 2.04, 2.03, 2.01, 1.99, 1.97, 1.95, 1.93, 1.91, 1.88, 1.86, 1.83, 1.81, 1.78, 1.76, 1.73, 1.71, 1.68, 1.66, 1.63, 1.61, 1.58, 1.56, 1.54, 1.52, 1.50, 1.48, 1.46, 1.44, 1.42, 1.40, 1.39, 1.37, 1.36, 1.35, 1.34, 1.32, 1.31, 1.30, 1.30, 1.29, 1.28, 1.27, 1.26, 1.26, 1.25, 1.24, 1.23, 1.23, 1.22, 1.21, 1.20, 1.19, 1.18, 1.17, 1.16, 1.15, 1.13, 1.12, 1.10, 1.08, 1.07, 1.05, 1.02, 1.00, 0.98, 0.95, 0.93, 0.90, 0.87, 0.84, 0.81, 0.78, 0.75, 0.72, 0.69, 0.65, 0.62, 0.59, 0.56, 0.53, 0.49, 0.46, 0.44, 0.41, 0.38, 0.36, 0.33, 0.31, 0.29, 0.27, 0.25, 0.24, 0.23, 0.21, 0.21, 0.20, 0.20, 0.20, 0.20, 0.20, 0.21, 0.22, 0.23, 0.24, 0.26, 0.28, 0.30, 0.32, 0.34, 0.37, 0.40, 0.42, 0.45, 0.48, 0.52, 0.55, 0.58, 0.61, 0.65, 0.68, 0.71, 0.74, 0.77, 0.80, 0.83, 0.85, 0.88, 0.90, 0.92, 0.94, 0.95, 0.97, 0.98, 0.98, 0.99, 0.99, 0.99, 0.98, 0.98, 0.97, 0.96 
1790807055299, 253.0, 2.774982452392578, -22.20710563659668, 433868160, UCA, 436, NOCALL, 0, 0, 0, 0, GPS, R, R, R, R, 0.84, 0.83, 0.81, 0.79, 0.77, 0.75, 0.73, 0.71, 0.68, 0.66, 0.63, 0.60, 0.58, 0.55, 0.52, 0.50, 0.47, 0.44, 0.42, 0.39, 0.37, 0.34, 0.32, 0.30, 0.28, 0.26, 0.24, 0.22, 0.20, 0.18, 0.17, 0.16, 0.14, 0.13, 0.12, 0.11, 0.11, 0.10, 0.10, 0.09, 0.09, 0.09, 0.10, 0.10, 0.11, 0.11, 0.12, 0.13, 0.15, 0.16, 0.18, 0.20, 0.22, 0.24, 0.27, 0.30, 0.33, 0.36, 0.39, 0.43, 0.47, 0.51, 0.56, 0.61, 0.66, 0.71, 0.77, 0.82, 0.89, 0.95, 1.02, 1.09, 1.16, 1.24, 1.32, 1.40, 1.48, 1.57, 1.66, 1.75, 1.85, 1.95, 2.04, 2.15, 2.25, 2.36, 2.46, 2.57, 2.68, 2.79, 2.89, 3.00, 3.11, 3.21, 3.31, 3.41, 3.51, 3.60, 3.68, 3.76, 3.84, 3.90, 3.96, 4.01, 4.05, 4.08, 4.10, 4.11, 4.10, 4.09, 4.06, 4.03, 3.98, 3.93, 3.86, 3.79, 3.70, 3.61, 3.51, 3.41, 3.30, 3.18, 3.06, 2.94, 2.82, 2.69, 2.56, 2.44, 2.31, 2.18, 2.06, 1.94, 1.82, 1.70, 1.58, 1.47, 1.36, 1.25, 1.15, 1.05, 0.96, 0.87, 0.78, 0.70, 0.63, 0.55, 0.49, 0.42, 0.36, 0.31, 0.26, 0.21, 0.17, 0.14, 0.10, 0.08, 0.05, 0.03, 0.02, 0.01, 0.00, 0.00, 0.00, 0.01, 0.02, 0.03, 0.05, 0.07, 0.09, 0.11, 0.14, 0.18, 0.21, 0.25, 0.29, 0.33, 0.38, 0.43, 0.47, 0.53, 0.58, 0.63, 0.69, 0.74, 0.80, 0.86, 0.92, 0.97, 1.03, 1.09, 1.15, 1.20, 1.26, 1.32, 1.37, 1.42, 1.48, 1.53, 1.57, 1.62, 1.67, 1.71, 1.75, 1.79, 1.82, 1.85, 1.88, 1.91, 1.94, 1.96, 1.98, 2.00, 2.01, 2.02, 2.03, 2.04, 2.04, 2.04, 2.04, 2.04, 2.03, 2.03, 2.02, 2.01, 2.00, 1.98, 1.97, 1.95, 1.93, 1.92, 1.90, 1.88, 1.86, 1.84, 1.82, 1.79, 1.77, 1.75, 1.73, 1.71, 1.69, 1.67, 1.65, 1.63, 1.61, 1.59, 1.58, 1.56, 1.54, 1.53, 1.51, 1.50, 1.49, 1.47, 1.46, 1.45, 1.44, 1.43, 1.42, 1.41, 1.40, 1.39, 1.38, 1.37, 1.37, 1.36, 1.35, 1.34, 1.32, 1.31, 1.30, 1.29, 1.27, 1.26, 1.24, 1.22, 1.20, 1.18, 1.16, 1.14, 1.12, 1.09, 1.06, 1.04, 1.01, 0.98, 0.95, 0.91, 0.88, 0.85, 0.81, 0.78, 0.74, 0.71, 0.67, 0.63, 0.60, 0.56, 0.53, 0.50, 0.46, 0.43, 0.40, 0.37, 0.35, 0.32, 0.30, 0.27, 0.25, 0.23, 0.22, 0.20, 0.19, 0.18, 0.18, 0.17, 0.17, 0.17, 0.17, 0.18, 0.19, 0.19, 0.21, 0.22, 0.24, 0.26, 0.28, 0.30, 0.32, 0.35, 0.37, 0.40, 0.43, 0.46, 0.49, 0.52, 0.55, 0.58, 0.61, 0.63, 0.66, 0.69, 0.72, 0.74, 0.76, 0.79, 0.81, 0.82, 0.84, 0.85, 0.86, 0.87, 0.88, 0.88, 0.88, 0.88, 0.88, 0.87, 0.86, 0.85 
1790807057047, 253.0, 2.781829535961151, -27.280778884887695, 433868160, UCA, 436, NOCALL, 0, 0, 0, 0, GPS, R, R, R, R, 0.85, 0.83, 0.82, 0.80, 0.78, 0.76, 0.74, 0.71, 0.69, 0.66, 0.64, 0.61, 0.59, 0.56, 0.53, 0.50, 0.48, 0.45, 0.43, 0.40, 0.37, 0.35, 0.33, 0.30, 0.28, 0.26, 0.24, 0.22, 0.20, 0.19, 0.17, 0.16, 0.15, 0.13, 0.12, 0.11, 0.11, 0.10, 0.10, 0.09, 0.09, 0.09, 0.10, 0.10, 0.10, 0.11, 0.12, 0.13, 0.14, 0.16, 0.18, 0.19, 0.22, 0.24, 0.26, 0.29, 0.32, 0.35, 0.39, 0.43, 0.47, 0.51, 0.55, 0.60, 0.65, 0.70, 0.76, 0.82, 0.88, 0.95, 1.01, 1.08, 1.16, 1.23, 1.31, 1.39, 1.48, 1.57, 1.66, 1.75, 1.84, 1.94, 2.04, 2.14, 2.25, 2.35, 2.46, 2.57, 2.68, 2.78, 2.89, 3.00, 3.11, 3.21, 3.31, 3.41, 3.51, 3.60, 3.69, 3.77, 3.84, 3.90, 3.96, 4.01, 4.05, 4.08, 4.10, 4.11, 4.10, 4.09, 4.07, 4.03, 3.98, 3.93, 3.86, 3.78, 3.70, 3.61, 3.51, 3.40, 3.29, 3.18, 3.06, 2.94, 2.81, 2.69, 2.56, 2.43, 2.31, 2.18, 2.05, 1.93, 1.81, 1.69, 1.58, 1.46, 1.35, 1.25, 1.15, 1.05, 0.95, 0.87, 0.78, 0.70, 0.62, 0.55, 0.48, 0.42, 0.36, 0.31, 0.26, 0.21, 0.17, 0.13, 0.10, 0.07, 0.05, 0.03, 0.02, 0.01, 0.00, 0.00, 0.00, 0.01, 0.02, 0.03, 0.05, 0.07, 0.09, 0.12, 0.15, 0.18, 0.21, 0.25, 0.29, 0.34, 0.38, 0.43, 0.48, 0.53, 0.58, 0.63, 0.69, 0.74, 0.80, 0.86, 0.92, 0.97, 1.03, 1.09, 1.15, 1.20, 1.26, 1.31, 1.37, 1.42, 1.47, 1.52, 1.57, 1.62, 1.66, 1.70, 1.74, 1.78, 1.81, 1.84, 1.87, 1.90, 1.92, 1.94, 1.96, 1.98, 1.99, 2.00, 2.01, 2.02, 2.02, 2.02, 2.02, 2.02, 2.01, 2.00, 2.00, 1.98, 1.97, 1.96, 1.94, 1.93, 1.91, 1.89, 1.87, 1.85, 1.83, 1.81, 1.79, 1.77, 1.75, 1.73, 1.70, 1.68, 1.66, 1.64, 1.62, 1.60, 1.59, 1.57, 1.55, 1.53, 1.52, 1.50, 1.49, 1.48, 1.46, 1.45, 1.44, 1.43, 1.42, 1.41, 1.40, 1.39, 1.38, 1.37, 1.36, 1.36, 1.35, 1.34, 1.33, 1.32, 1.31, 1.30, 1.28, 1.27, 1.26, 1.24, 1.23, 1.21, 1.19, 1.17, 1.15, 1.13, 1.11, 1.08, 1.06, 1.03, 1.00, 0.97, 0.94, 0.91, 0.87, 0.84, 0.81, 0.77, 0.74, 0.70, 0.66, 0.63, 0.59, 0.56, 0.53, 0.49, 0.46, 0.43, 0.40, 0.37, 0.34, 0.31, 0.29, 0.27, 0.25, 0.23, 0.21, 0.20, 0.19, 0.18, 0.17, 0.17, 0.16, 0.16, 0.17, 0.17, 0.18, 0.19, 0.20, 0.22, 0.23, 0.25, 0.27, 0.29, 0.32, 0.34, 0.37, 0.39, 0.42, 0.45, 0.48, 0.51, 0.54, 0.57, 0.60, 0.63, 0.66, 0.69, 0.72, 0.74, 0.76, 0.79, 0.81, 0.82, 0.84, 0.85, 0.87, 0.88, 0.88, 0.89, 0.89, 0.89, 0.88, 0.88, 0.87, 0.86 
1790807058357, 253.0, 2.7667638659477234, -27.22344398498535, 433868160, UCA, 436, NOCALL, 0, 0, 0, 0, GPS, R, R, R, R, 0.85, 0.84, 0.82, 0.80, 0.78, 0.76, 0.74, 0.72, 0.69, 0.67, 0.64, 0.61, 0.59, 0.56, 0.53, 0.51, 0.48, 0.45, 0.43, 0.40, 0.38, 0.35, 0.33, 0.31, 0.28, 0.26, 0.24, 0.22, 0.21, 0.19, 0.17, 0.16, 0.15, 0.14, 0.12, 0.12, 0.11, 0.10, 0.10, 0.10, 0.10, 0.10, 0.10, 0.10, 0.11, 0.12, 0.12, 0.14, 0.15, 0.16, 0.18, 0.20, 0.22, 0.25, 0.27, 0.30, 0.33, 0.36, 0.40, 0.44, 0.48, 0.52, 0.56, 0.61, 0.66, 0.72, 0.77, 0.83, 0.89, 0.96, 1.03, 1.10, 1.17, 1.25, 1.33, 1.41, 1.49, 1.58, 1.67, 1.76, 1.86, 1.96, 2.06, 2.16, 2.26, 2.37, 2.47, 2.58, 2.69, 2.80, 2.90, 3.01, 3.12, 3.22, 3.32, 3.42, 3.51, 3.60, 3.69, 3.76, 3.84, 3.90, 3.96, 4.00, 4.04, 4.07, 4.08, 4.09, 4.09, 4.07, 4.04, 4.01, 3.96, 3.90, 3.83, 3.76, 3.67, 3.58, 3.48, 3.37, 3.26, 3.15, 3.03, 2.91, 2.78, 2.66, 2.53, 2.40, 2.28, 2.15, 2.03, 1.91, 1.79, 1.67, 1.55, 1.44, 1.33, 1.23, 1.13, 1.03, 0.94, 0.85, 0.76, 0.68, 0.61, 0.54, 0.47, 0.41, 0.35, 0.30, 0.25, 0.20, 0.16, 0.13, 0.10, 0.07, 0.05, 0.03, 0.02, 0.01, 0.00, 0.00, 0.00, 0.01, 0.02, 0.03, 0.05, 0.07, 0.09, 0.12, 0.15, 0.19, 0.22, 0.26, 0.30, 0.34, 0.39, 0.44, 0.49, 0.54, 0.59, 0.65, 0.70, 0.76, 0.81, 0.87, 0.93, 0.99, 1.04, 1.10, 1.16, 1.22, 1.27, 1.33, 1.38, 1.43, 1.49, 1.53, 1.58, 1.63, 1.67, 1.71, 1.75, 1.79, 1.82, 1.85, 1.88, 1.91, 1.93, 1.95, 1.97, 1.99, 2.00, 2.01, 2.02, 2.02, 2.03, 2.03, 2.03, 2.02, 2.02, 2.01, 2.00, 1.99, 1.97, 1.96, 1.94, 1.93, 1.91, 1.89, 1.87, 1.85, 1.83, 1.81, 1.79, 1.77, 1.75, 1.72, 1.70, 1.68, 1.66, 1.64, 1.62, 1.60, 1.58, 1.57, 1.55, 1.53, 1.52, 1.50, 1.49, 1.47, 1.46, 1.45, 1.43, 1.42, 1.41, 1.40, 1.39, 1.38, 1.37, 1.37, 1.36, 1.35, 1.34, 1.33, 1.32, 1.31, 1.30, 1.29, 1.28, 1.26, 1.25, 1.24, 1.22, 1.20, 1.18, 1.17, 1.14, 1.12, 1.10, 1.07, 1.05, 1.02, 0.99, 0.96, 0.93, 0.90, 0.87, 0.83, 0.80, 0.77, 0.73, 0.69, 0.66, 0.62, 0.59, 0.56, 0.52, 0.49, 0.46, 0.42, 0.39, 0.37, 0.34, 0.31, 0.29, 0.27, 0.25, 0.23, 0.21, 0.20, 0.19, 0.18, 0.17, 0.16, 0.16, 0.16, 0.17, 0.17, 0.18, 0.19, 0.20, 0.21, 0.23, 0.25, 0.27, 0.29, 0.32, 0.34, 0.37, 0.39, 0.42, 0.45, 0.48, 0.51, 0.54, 0.57, 0.60, 0.63, 0.66, 0.69, 0.72, 0.74, 0.77, 0.79, 0.81, 0.83, 0.84, 0.86, 0.87, 0.88, 0.88, 0.89, 0.89, 0.89, 0.89, 0.88, 0.87, 0.86 
1790807059668, 252.0, 2.796865999698639, -28.134197235107422, 433868160, UCA, 436, NOCALL, 0, 0, 0, 0, GPS, R, R, R, R, 0.88, 0.87, 0.85, 0.83, 0.81, 0.79, 0.77, 0.74, 0.72, 0.69, 0.67, 0.64, 0.61, 0.58, 0.56, 0.53, 0.50, 0.47, 0.45, 0.42, 0.39, 0.37, 0.34, 0.32, 0.30, 0.28, 0.26, 0.24, 0.22, 0.20, 0.18, 0.17, 0.16, 0.14, 0.13, 0.12, 0.11, 0.11, 0.10, 0.10, 0.10, 0.10, 0.10, 0.10, 0.11, 0.11, 0.12, 0.13, 0.15, 0.16, 0.18, 0.19, 0.22, 0.24, 0.26, 0.29, 0.32, 0.35, 0.39, 0.42, 0.46, 0.50, 0.55, 0.59, 0.64, 0.70, 0.75, 0.81, 0.87, 0.94, 1.00, 1.07, 1.15, 1.22, 1.30, 1.38, 1.46, 1.55, 1.64, 1.73, 1.83, 1.93, 2.03, 2.13, 2.23, 2.34, 2.44, 2.55, 2.66, 2.77, 2.88, 2.98, 3.09, 3.20, 3.30, 3.40, 3.50, 3.59, 3.68, 3.76, 3.84, 3.90, 3.96, 4.02, 4.06, 4.09, 4.11, 4.12, 4.12, 4.11, 4.09, 4.06, 4.01, 3.96, 3.89, 3.82, 3.74, 3.65, 3.55, 3.45, 3.34, 3.22, 3.10, 2.98, 2.86, 2.73, 2.60, 2.48, 2.35, 2.22, 2.10, 1.97, 1.85, 1.73, 1.61, 1.50, 1.39, 1.28, 1.18, 1.08, 0.98, 0.89, 0.81, 0.72, 0.65, 0.57, 0.50, 0.44, 0.38, 0.32, 0.27, 0.22, 0.18, 0.14, 0.11, 0.08, 0.06, 0.04, 0.02, 0.01, 0.00, 0.00, 0.00, 0.00, 0.01, 0.02, 0.04, 0.06, 0.08, 0.10, 0.13, 0.16, 0.20, 0.23, 0.27, 0.32, 0.36, 0.40, 0.45, 0.50, 0.55, 0.60, 0.66, 0.71, 0.77, 0.82, 0.88, 0.93, 0.99, 1.05, 1.10, 1.16, 1.21, 1.27, 1.32, 1.37, 1.42, 1.47, 1.52, 1.56, 1.60, 1.64, 1.68, 1.72, 1.75, 1.78, 1.81, 1.84, 1.86, 1.89, 1.90, 1.92, 1.93, 1.95, 1.95, 1.96, 1.97, 1.97, 1.97, 1.96, 1.96, 1.95, 1.95, 1.94, 1.93, 1.92, 1.90, 1.89, 1.87, 1.86, 1.84, 1.82, 1.80, 1.78, 1.76, 1.75, 1.73, 1.71, 1.69, 1.67, 1.65, 1.63, 1.61, 1.60, 1.58, 1.57, 1.55, 1.53, 1.52, 1.51, 1.49, 1.48, 1.47, 1.46, 1.45, 1.44, 1.43, 1.42, 1.41, 1.40, 1.40, 1.39, 1.38, 1.37, 1.36, 1.35, 1.35, 1.34, 1.33, 1.31, 1.30, 1.29, 1.27, 1.26, 1.24, 1.23, 1.21, 1.19, 1.16, 1.14, 1.12, 1.09, 1.06, 1.04, 1.01, 0.98, 0.94, 0.91, 0.88, 0.84, 0.81, 0.77, 0.74, 0.70, 0.66, 0.63, 0.59, 0.56, 0.52, 0.49, 0.46, 0.43, 0.40, 0.37, 0.34, 0.31, 0.29, 0.27, 0.25, 0.23, 0.21, 0.20, 0.19, 0.18, 0.17, 0.17, 0.17, 0.17, 0.17, 0.18, 0.19, 0.20, 0.21, 0.23, 0.24, 0.26, 0.28, 0.31, 0.33, 0.36, 0.39, 0.41, 0.44, 0.47, 0.50, 0.54, 0.57, 0.60, 0.63, 0.66, 0.69, 0.72, 0.75, 0.77, 0.80, 0.82, 0.84, 0.86, 0.87, 0.89, 0.90, 0.91, 0.92, 0.92, 0.92, 0.92, 0.92, 0.91, 0.90, 0.89 
